Person.id|email
12094627905604|Mirza.Kalich12094627905604@gmail.com
12094627905604|Mirza.Kalich12094627905604@gmx.com
12094627905604|Mirza.Kalich12094627905604@zoho.com
2199023255625|Cheng2199023255625@gmail.com
2199023255600|Adje.van.den.Berg2199023255600@gmail.com
2199023255600|Adje.van.den.Berg2199023255600@gmx.com
2199023255600|Adje.van.den.Berg2199023255600@hotmail.com
2199023255611|Chen2199023255611@gmail.com
2199023255611|Chen2199023255611@yahoo.com
2199023255611|Chen2199023255611@zoho.com
13194139533352|Celso13194139533352@gmail.com
3298534883391|Fritz3298534883391@gmx.com
14293651161159|Albaye.Papa14293651161159@gmail.com
14293651161159|Albaye.Papa14293651161159@gmx.com
2199023255633|Adrian2199023255633@gmail.com
2199023255633|Adrian2199023255633@gmx.com
2199023255633|Adrian2199023255633@yahoo.com
13194139533342|Joakim13194139533342@gmail.com
13194139533342|Joakim13194139533342@gmx.com
13194139533342|Joakim13194139533342@yahoo.com
2199023255565|Mehmet2199023255565@gmail.com
3298534883383|Luis3298534883383@gmail.com
3298534883383|Luis3298534883383@gmx.com
3298534883383|Luis3298534883383@zoho.com
12094627905580|Alexei12094627905580@gmx.com
12094627905563|Wojciech12094627905563@gmail.com
12094627905563|Wojciech12094627905563@gmx.com
12094627905563|Wojciech12094627905563@zoho.com
7696581394433|Evangelos7696581394433@gmx.com
15393162788920|Otto15393162788920@gmail.com
15393162788920|Otto15393162788920@jizan.cc
15393162788920|Otto15393162788920@yahoo.com
3298534883331|Aleksandr3298534883331@gmail.com
3298534883331|Aleksandr3298534883331@hotmail.com
9895604650074|Cam9895604650074@gmail.com
9895604650074|Cam9895604650074@gmx.com
9895604650074|Cam9895604650074@hotmail.com
9895604650074|Cam9895604650074@yahoo.com
10995116277826|Jie10995116277826@gmail.com
10995116277826|Jie10995116277826@gmx.com
10995116277826|Jie10995116277826@yahoo.com
12094627905543|Jun12094627905543@gmail.com
12094627905543|Jun12094627905543@yahoo.com
9895604650020|Yang9895604650020@gmail.com
9895604650020|Yang9895604650020@yahoo.com
2199023255602|Alec2199023255602@gmail.com
2199023255602|Alec2199023255602@gmx.com
2199023255602|Alec2199023255602@zoho.com
10995116277764|Bryn10995116277764@gmail.com
10995116277764|Bryn10995116277764@gmx.com
10995116277764|Bryn10995116277764@yahoo.com
10995116277764|Bryn10995116277764@zoho.com
12094627905628|Abdoulaye.Khouma12094627905628@gmail.com
12094627905628|Abdoulaye.Khouma12094627905628@gmx.com
4398046511193|Cheng4398046511193@gmail.com
4398046511193|Cheng4398046511193@gmx.com
4398046511193|Cheng4398046511193@hotmail.com
9895604650037|Babar9895604650037@gmail.com
9895604650037|Babar9895604650037@yahoo.com
6597069766664|Djelaludin6597069766664@gmail.com
6597069766664|Djelaludin6597069766664@hotmail.com
6597069766664|Djelaludin6597069766664@yahoo.com
8796093022286|Tamas8796093022286@gmx.com
8796093022231|John8796093022231@giza.cc
8796093022231|John8796093022231@gmail.com
5497558138885|Eric5497558138885@gmail.com
5497558138885|Eric5497558138885@gmx.com
5497558138885|Eric5497558138885@yahoo.com
10995116277771|Cheng10995116277771@gmail.com
10995116277771|Cheng10995116277771@gmx.com
10995116277771|Cheng10995116277771@zoho.com
8796093022217|Alim8796093022217@gmail.com
8796093022217|Alim8796093022217@gmx.com
3298534883397|Masahiro3298534883397@gmx.com
4398046511186|Alexei4398046511186@gmail.com
13194139533324|Jose13194139533324@gmail.com
13194139533324|Jose13194139533324@gmx.com
13194139533324|Jose13194139533324@hotmail.com
3298534883392|Jorge3298534883392@gmail.com
3298534883392|Jorge3298534883392@gmx.com
3298534883392|Jorge3298534883392@yahoo.com
12094627905567|Otto12094627905567@gmail.com
12094627905567|Otto12094627905567@hotmail.ru
12094627905567|Otto12094627905567@pookmail.com
2199023255593|Yang2199023255593@gmail.com
2199023255593|Yang2199023255593@gmx.com
2199023255593|Yang2199023255593@hotmail.com
2199023255593|Yang2199023255593@yahoo.com
6597069766710|Peng6597069766710@yahoo.com
6597069766710|Peng6597069766710@zoho.com
3298534883405|Karl3298534883405@gmail.com
3298534883405|Karl3298534883405@gmx.com
3298534883405|Karl3298534883405@yahoo.com
3298534883405|Karl3298534883405@zoho.com
7696581394520|Chong7696581394520@gmail.com
7696581394520|Chong7696581394520@gmx.com
7696581394520|Chong7696581394520@yahoo.com
9895604650036|Akira9895604650036@gmail.com
9895604650036|Akira9895604650036@yahoo.com
1099511627782|Baby1099511627782@gmail.com
1099511627782|Baby1099511627782@gmx.com
1099511627782|Baby1099511627782@yahoo.com
15393162788888|Jie15393162788888@gmail.com
15393162788888|Jie15393162788888@gmx.com
13194139533350|Alfonso13194139533350@yahoo.com
10995116277851|Chong10995116277851@gmail.com
10995116277851|Chong10995116277851@gmx.com
5497558138940|Paul5497558138940@gmx.com
7696581394474|Ali7696581394474@gmx.com
7696581394474|Ali7696581394474@hotmail.com
7696581394474|Ali7696581394474@yahoo.com
7696581394479|Tissa7696581394479@chemist.com
7696581394479|Tissa7696581394479@yahoo.com
6597069766675|Jimmy6597069766675@yahoo.com
6597069766735|Jose6597069766735@gmail.com
94|Jun94@gmx.com
65|Marc65@gmail.com
65|Marc65@planetsmeg.com
14293651161168|Abdul.Jamil14293651161168@gmail.com
14293651161168|Abdul.Jamil14293651161168@gmx.com
14293651161168|Abdul.Jamil14293651161168@hotmail.com
7696581394434|Abdul.Haris7696581394434@gmail.com
2199023255628|Jae-Jin2199023255628@gmail.com
2199023255628|Jae-Jin2199023255628@zoho.com
9895604650002|Neil9895604650002@gmail.com
9895604650002|Neil9895604650002@gmx.com
5497558138908|Hans5497558138908@gmail.com
5497558138908|Hans5497558138908@hotmail.com
5497558138908|Hans5497558138908@yahoo.com
8796093022253|Ali8796093022253@gmail.com
8796093022251|Chen8796093022251@gmail.com
1099511627861|Hao1099511627861@gmail.com
1099511627861|Hao1099511627861@gmx.com
1099511627861|Hao1099511627861@yahoo.com
6597069766688|Miguel6597069766688@gmail.com
6597069766688|Miguel6597069766688@gmx.com
6597069766688|Miguel6597069766688@zoho.com
15393162788948|Anatoly15393162788948@gmail.com
15393162788948|Anatoly15393162788948@gmx.com
16492674416689|Lin16492674416689@gmail.com
16492674416689|Lin16492674416689@gmx.com
16492674416689|Lin16492674416689@hotmail.com
16492674416689|Lin16492674416689@yahoo.com
9895604649984|Yang9895604649984@gmail.com
7696581394461|Lei7696581394461@gmail.com
7696581394461|Lei7696581394461@gmx.com
7696581394461|Lei7696581394461@yahoo.com
16492674416674|Roberto16492674416674@gmail.com
16492674416674|Roberto16492674416674@hotmail.com
16492674416674|Roberto16492674416674@yahoo.com
3298534883365|Wei3298534883365@gmail.com
3298534883365|Wei3298534883365@yahoo.com
